Category,Sub Category,Number,TONE Name,MSB,LSB,PC
CONCERT,CONCERT PIANO,S01,Stage Grand,84,16,1
,,S02,Deep Concert,84,16,2
,,S03,Eastcoast Studio,84,16,3
,,S04,Contemp Concerto,84,16,4
,,S05,Symphony Hall,84,16,5
,,S06,Bold Beauty,84,16,6
,,S07,Aco Grand1,84,16,7
,,S08,Aco Grand2,84,16,8
,,S09,Aco Grand3,84,16,9
,,S10,Aco Grand4,84,16,10
,,S11,Aco Grand 5,84,16,11
,,S12,Aco Grand 6,84,16,12
,,S13,Aco Grand 7,84,16,13
,,S14,Aco Grand 8,84,16,14
,,S15,Aco Grand 9,84,16,15
,,S16,Aco Grand 10,84,16,16
,,S17,at Stage,84,16,17
,,SA01,German Concert,84,17,1
,,SA02,Bold Grand,84,17,2
,,SA03,Calm Focus,84,17,3
,,SA04,Open Warm,84,17,4
,,SA05,Open Warm 2,84,17,5
,,SA06,Studio Pop,84,17,6
,,SA07,Studio Rock,84,17,7
,,SA08,Ballad Warm,84,17,8
,,SA09,Bright & Clear,84,17,9
,,SA10,Feelin' Hopping,84,17,10
,,SA11,Short Stick,84,17,11
,,SA12,Quiet Phrase,84,17,12
,,SA13,Bright Baby,84,17,13
,,SA14,Deep Open,84,17,14
,,SA15,Presence,84,17,15
,,SA16,Water Piano,84,17,16
,,SA17,Low Lifted Cncrt,84,17,17
,,SB01,Recital Upright,84,18,1
,,SB02,Pop Studio Pno,84,18,2
,,SB03,Gentle Dream,84,18,3
,,SB04,Parlor Upright,84,18,4
,,SB05,Reso-swell Uprt,84,18,5
,,SB06,Open-Reso,84,18,6
,,SB07,Rock Upright,84,18,7
,,SB08,Reverie Piano,84,18,8
,,SB09,Etude Dreamer,84,18,9
,,SB10,Bright Sky Piano,84,18,10
,,SB11,Open Aire,84,18,11
,,SB12,Faraway Harmony,84,18,12
,,SB13,Parlor Pound,84,18,13
,,SB14,Resonant Closet,84,18,14
,,0001,Concert Grand,84,0,1
,,0002,Bright Concert,84,0,2
,,0003,Mellow Concert,84,0,3
,,0004,Rock Concert Grd,84,0,4
,,0005,Comp ConcertGrd,84,0,5
,,0006,Concert Grd Mono,84,0,6
,,0007,NX Concert Grand,84,0,7
,,0008,Bright NX Concrt,84,0,8
,,0009,Mellow NX Concrt,84,0,9
,,0010,Rock NX Concert,84,0,10
,,0011,Comp NX Concert,84,0,11
,,0012,NX Concert Mono,84,0,12
,,0013,Brilliant Grand,84,0,13
,,0014,Hard Brill Grand,84,0,14
,,0015,Soft Brill Grand,84,0,15
,,0016,Rock Brill Grand,84,0,16
,,0017,Comp Brill Grand,84,0,17
,,0018,Brill Grand Mono,84,0,18
,,0019,St.Piano 1,84,0,19
,,0020,St.Piano 2,84,0,20
,,0021,St.Piano 3,84,0,21
,,0022,St.Piano 4,84,0,22
,,0023,St.Piano 5,84,0,23
,,0024,Piano 1,84,0,24
,,0025,Piano 1 w,84,0,25
,,0026,European Pf,84,0,26
,,0027,Stage Piano,84,0,27
STUDIO,STUDIO PIANO,0028,Upright Piano,84,0,28
,,0029,Bright Upright,84,0,29
,,0030,Mellow Upright,84,0,30
,,0031,Rock Upright Pno,84,0,31
,,0032,Comp Upright Pno,84,0,32
,,0033,UprightPianoMono,84,0,33
,,0034,Studio Grand,84,0,34
,,0035,Bright Studio,84,0,35
,,0036,Mellow Studio,84,0,36
,,0037,Rock StudioGrand,84,0,37
,,0038,Comp Studio Grd,84,0,38
,,0039,StudioGrand Mono,84,0,39
,,0040,Piano 2,84,0,40
,,0041,Piano 2 w,84,0,41
,HONKY-TONK,0042,Honky-tonk Pno 1,84,0,42
,,0043,Honky-tonk Pno 2,84,0,43
,,0044,Honky-tonk Pno 3,84,0,44
,,0045,Honky-tonk Pno 4,84,0,45
,,0046,Honky Tonk,84,0,46
,,0047,Honky-tonk,84,0,47
,,0048,Honky-tonk w,84,0,48
,SA PIANO,0049,SA Piano,84,0,49
,,0050,Modulated SA Pno,84,0,50
,,0051,Bright SA Piano,84,0,51
,,0052,Comp SA Piano,84,0,52
,,0053,Phaser SA Piano,84,0,53
,,0054,Lo-Fi SA Piano,84,0,54
,SYNTH PIANO,0055,JD Piano,84,0,55
,,0056,Bright JD Piano,84,0,56
,,0057,Rock JD Piano,84,0,57
,,0058,Comp JD Piano,84,0,58
,,0059,Comp JD Piano2,84,0,59
,,0060,Detuned JD Piano,84,0,60
,,0061,Chorus JD Piano,84,0,61
,,0062,Phaser JD Piano,84,0,62
,,0063,Lo-Fi JD Piano,84,0,63
,,0064,Brite Piano,84,0,64
,,0065,Pop Piano 1,84,0,65
,,0066,Pop Piano 2,84,0,66
,,0067,Pop Piano 3,84,0,67
,,0068,LoFi Piano,84,0,68
VINTAGE,TINE E.PIANO,2001,1975 Tine EP.,84,8,90
,,2002,1979 Tine EP.,84,8,91
,,2003,1975 Mellow EP,84,8,92
,,2004,1979 Bright EP,84,8,93
,,2005,1975 Clarity EP,84,8,94
,,2006,NYC Chorus EP,84,8,95
,,2007,1975 Phased EP,84,8,96
,,2008,1979 Phased EP,84,8,97
,,2009,1979 Envelope EP,84,8,98
,,2010,1975 Sweet Echo,84,8,99
,,2011,1979 Flying Echo,84,8,100
,,2012,1975 ModDelay EP,84,8,101
,,2013,1975 Driven EP,84,8,102
,,2014,1979 Comp EP,84,8,103
,,0069,Tine E.Piano,84,0,69
,,0070,Silver Top EP.,84,0,70
,,0071,Tine EP MkI.,84,0,71
,,0072,Tine EP MkII.,84,0,72
,,0073,Dyno E.Piano.,84,0,73
,,0074,Small Case Tine,84,0,74
,,0075,Soft Tine EP,84,0,75
,,0076,Chorus Tine EP,84,0,76
,,0077,Chorus Tine EP2,84,0,77
,,0078,Chorus Dyno EP,84,0,78
,,0079,Tremolo Cho Tine,84,0,79
,,0080,Phaser Tine EP,84,0,80
,,0081,Phaser Dyno EP,84,0,81
,,0082,Trem Phaser Tine,84,0,82
,,0083,Trem Phaser Dyno,84,0,83
,,0084,Rotary Tine EP,84,0,84
,,0085,TouchWah TineEP,84,0,85
,,0086,Auto Wah Tine EP,84,0,86
,,0087,Echo Tine EP,84,0,87
,,0088,Echo->Trem Tine,84,0,88
,,0089,Echo->RotaryTine,84,0,89
,,0090,Comp Tine EP,84,0,90
,,0091,Comp Tine EP2,84,0,91
,,0092,Comp Silver Top,84,0,92
,,0093,Driven Tine EP,84,0,93
,,0094,Driven SilverTop,84,0,94
,,0095,Stage EP 1,84,0,95
,,0096,Stage EP 2,84,0,96
,,0097,Stage EP Trm,84,0,97
,,0098,Tremolo EP 1,84,0,98
,,0099,E.Piano 3,84,0,99
,,0100,E.Piano 4,84,0,100
,,0101,E.Piano 5,84,0,101
,,0102,E.Piano 6,84,0,102
,,0103,E.Piano 7,84,0,103
,,0104,E.Piano 8,84,0,104
,,0105,Dyno EP,84,0,105
,,0106,Dyno EP Trm,84,0,106
,,0107,Tremolo EP 2,84,0,107
,,0108,Back2the60s,84,0,108
,,0109,Tine EP,84,0,109
,,0110,E.Piano 1,84,0,110
,,0111,St.Soft EP,84,0,111
,REED E.PIANO,0112,Reed E.Piano,84,0,112
,,0113,Round Reed EP,84,0,113
,,0114,Driven Reed EP,84,0,114
,,0115,Driven Reed EP2,84,0,115
,,0116,Comp Reed EP,84,0,116
,,0117,Comp Reed EP2,84,0,117
,,0118,Rotary Reed EP,84,0,118
,,0119,Tremolo Reed EP,84,0,119
,,0120,Chorus Reed EP,84,0,120
,,0121,Phaser Reed EP,84,0,121
,,0122,Echo Reed EP,84,0,122
,,0123,Echo->Trem Reed,84,0,123
,,0124,TouchWah ReedEP,84,0,124
,,0125,AutoWah Reed EP,84,0,125
,,0126,Pnet Tee,84,0,126
,,0127,R&B Pnet,84,0,127
,,0128,Wurly EP,84,0,128
,,0129,Wurly EP Trm,84,1,1
,,0130,Curly Wurly,84,1,2
,,0131,Super Wurly,84,1,3
,,0132,Wurly,84,1,4
,E.GRAND,0133,E.Grand 1,84,1,5
,,0134,E.Grand 2,84,1,6
,,0135,E.Grand 3,84,1,7
,,0136,Piano 3,84,1,8
,,0137,Piano 3 w,84,1,9
MODERN,SA E.PIANO,2015,RD-1000 Piano1,84,8,104
,,2016,RD-1000 Piano2,84,8,105
,,2017,RD-1000 Piano3,84,8,106
,,2018,RD-1000 Harpsi,84,8,107
,,2019,RD-1000 Clav,84,8,108
,,2020,RD-1000 Vibra.,84,8,109
